[
  [
    {
      "c": "#aaaaaa"
    },
    "0,0",
    "0,1",
    "0,2",
    "0,3",
    {
      "x": 0.5999999999999996
    },
    "0,4",
    "0,5",
    "0,6",
    "0,7",
    {
      "x": 0.5500000000000007
    },
    "0,9",
    "0,10",
    "0,11",
    "0,12",
    {
      "x": 0.5999999999999996
    },
    "0,13",
    "0,14",
    "0,15",
    "0,16",
    {
      "x": 0.5
    },
    "0,17",
    "0,18"
  ],
  [
    {
      "y": 0.5,
      "c": "#777777"
    },
    "1,0",
    {
      "c": "#cccccc"
    },
    "1,1",
    "1,2",
    "1,3",
    "1,4",
    "1,5",
    "1,6",
    "1,7",
    "1,8",
    "1,9",
    "1,10",
    "1,11",
    "1,12",
    {
      "c": "#aaaaaa",
      "w": 1.75
    },
    "1,13",
    "1,14",
    {
      "x": 0.5
    },
    "1,15",
    "1,16",
    "1,17",
    "1,18"
  ],
  [
    {
      "w": 1.5
    },
    "2,0",
    {
      "c": "#cccccc"
    },
    "2,1",
    "2,2",
    "2,3",
    "2,4",
    "2,5",
    "2,6",
    "2,7",
    "2,8",
    "2,9",
    "2,10",
    "2,11",
    "2,12",
    "2,13",
    {
      "c": "#aaaaaa",
      "w": 1.25
    },
    "2,14",
    {
      "x": 0.5,
      "c": "#cccccc"
    },
    "2,15",
    "2,16",
    "2,17",
    {
      "c": "#aaaaaa"
    },
    "2,18"
  ],
  [
    {
      "w": 1.75
    },
    "3,0",
    {
      "c": "#cccccc"
    },
    "3,1",
    "3,2",
    "3,3",
    "3,4",
    "3,5",
    "3,6",
    "3,7",
    "3,8",
    "3,9",
    "3,10",
    "3,11",
    {
      "c": "#777777",
      "w": 2
    },
    "3,12",
    {
      "c": "#aaaaaa"
    },
    "3,14",
    {
      "x": 0.5,
      "c": "#cccccc"
    },
    "3,15",
    "3,16",
    "3,17",
    {
      "c": "#aaaaaa"
    },
    "3,18"
  ],
  [
    "4,0",
    {
      "w": 1.25
    },
    "4,1",
    {
      "c": "#cccccc"
    },
    "4,2",
    "4,3",
    "4,4",
    "4,5",
    "4,6",
    "4,7",
    "4,8",
    "4,9",
    "4,10",
    "4,11",
    {
      "c": "#aaaaaa",
      "w": 1.5
    },
    "4,12",
    "4,13",
    "4,14",
    {
      "x": 0.5,
      "c": "#cccccc"
    },
    "4,15",
    "4,16",
    "4,17",
    {
      "c": "#aaaaaa",
      "h": 2
    },
    "5,18"
  ],
  [
    {
      "w": 2
    },
    "5,0",
    {
      "c": "#cccccc",
      "w": 9.75
    },
    "5,6",
    "5,11",
    {
      "c": "#aaaaaa"
    },
    "5,12",
    "5,13",
    "5,14",
    {
      "x": 0.5,
      "c": "#cccccc",
      "w": 2
    },
    "5,15",
    "5,16"
  ]
]